{"cameraMode":{"drawMode":0,"name":"Shaded","section":"Shading Mode"},"sceneLighting":true,"audioPlay":false,"sceneViewState":{"showFog":true,"showMaterialUpdate":false,"showSkybox":true,"showFlares":true,"showImageEffects":true,"showParticleSystems":true},"in2DMode":false,"pivot":{"x":0.21881815791130067,"y":-2.5690088272094728,"z":3.5155863761901857},"rotation":{"x":0.39726847410202029,"y":0.0610501691699028,"z":-0.02649766020476818,"w":0.9152880311012268},"size":7.5569658279418949,"orthographic":false}