{"cameraMode":{"drawMode":0,"name":"Shaded","section":"Shading Mode"},"sceneLighting":false,"audioPlay":false,"sceneViewState":{"showFog":true,"showMaterialUpdate":false,"showSkybox":false,"showFlares":true,"showImageEffects":true,"showParticleSystems":true},"in2DMode":false,"pivot":{"x":-0.09484128654003144,"y":-0.09131351113319397,"z":0.36595389246940615},"rotation":{"x":0.239511638879776,"y":0.22811388969421388,"z":-0.05800380930304527,"w":0.9419335126876831},"size":1.0347061157226563,"orthographic":false}