{"cameraMode":{"drawMode":0,"name":"Shaded","section":"Shading Mode"},"sceneLighting":false,"audioPlay":false,"sceneViewState":{"showFog":true,"showMaterialUpdate":false,"showSkybox":false,"showFlares":true,"showImageEffects":true,"showParticleSystems":true},"in2DMode":false,"pivot":{"x":0.0,"y":0.44602343440055849,"z":9.992718696594239},"rotation":{"x":-0.26172736287117007,"y":-0.0688314214348793,"z":0.018712926656007768,"w":-0.9625144004821777},"size":1.3987798690795899,"orthographic":false}