{"cameraMode":{"drawMode":0,"name":"Shaded","section":"Shading Mode"},"sceneLighting":false,"audioPlay":false,"sceneViewState":{"showFog":true,"showMaterialUpdate":false,"showSkybox":false,"showFlares":true,"showImageEffects":true,"showParticleSystems":true},"in2DMode":false,"pivot":{"x":17.600000381469728,"y":0.25,"z":21.399999618530275},"rotation":{"x":-0.26172736287117007,"y":-0.0688314214348793,"z":0.018712926656007768,"w":-0.9625144004821777},"size":0.4330126941204071,"orthographic":false}