{"cameraMode":{"drawMode":0,"name":"Shaded","section":"Shading Mode"},"sceneLighting":true,"audioPlay":false,"sceneViewState":{"showFog":true,"showMaterialUpdate":false,"showSkybox":true,"showFlares":true,"showImageEffects":true,"showParticleSystems":true},"in2DMode":false,"pivot":{"x":3.140692949295044,"y":-1.6821751594543458,"z":8.691381454467774},"rotation":{"x":0.09164997935295105,"y":0.1605953723192215,"z":-0.014978545717895031,"w":0.982641875743866},"size":12.208487510681153,"orthographic":false}